,A-A(0.66V),,
Wavelength (nm),Gaussian number,,
,1,2,3
450.29587,0.00668735413801923,0.021763551657217984,0.00625530318791396
450.74942,0.00681207005851982,0.021487520638340588,0.006842872695767785
451.20295,0.0068421739120764985,0.021564010777559938,0.006601263160881422
451.65645,0.006863676636970596,0.02048459289278628,0.007382638099434181
452.10992,0.007014195866049044,0.019344614849728974,0.008335116697971405
452.56337,0.007022796956006684,0.01903246700963112,0.009433457332949565
453.01679,0.007143212370233398,0.01830535076993942,0.00860443680779322
453.47018,0.007113108516676719,0.019479426970134044,0.007076751932786266
453.92355,0.006953988197640631,0.018937896590019276,0.008834961185595614
454.37689,0.007104507426719081,0.019338471106619758,0.008553847784219554
454.8302,0.0070356986296480845,0.01980574918021047,0.008707207816329433
455.28349,0.007104507426719081,0.020643409668627606,0.008177046275583867
455.73675,0.007091605753077678,0.020758210613584807,0.008183489584088313
456.18998,0.007104507426719081,0.02078840269719087,0.008455743650223797
456.64319,0.007164715095127494,0.020905134736656738,0.009068812109486134
457.09637,0.007113108516676719,0.021273717492894844,0.00925391895519125
457.54952,0.007250726072113766,0.020647271712695647,0.008891373442292006
458.00264,0.007418447519812438,0.020514171173784457,0.009411146504921038
458.45574,0.00738404312127694,0.01942474752000156,0.011454002538447649
458.90882,0.007581868383827344,0.018969405983694135,0.01081932554707336
459.36186,0.007685081579433838,0.019247192631696625,0.0099053768705498
459.81488,0.0076334749622781195,0.01986951353232307,0.009531550295542413
460.26788,0.007663578815834798,0.01907604452145896,0.009635142036178539
460.72084,0.0076592782708559785,0.01858871122478916,0.01033437773910265
461.17378,0.007624873872320481,0.01816988098058058,0.011033304635468671
461.6267,0.007586168928806164,0.01833304216717746,0.0125426863135216
462.07958,0.007702283759349116,0.01749919983831446,0.013591885497562298
462.53244,0.007999021672527194,0.01710617390813047,0.01406495671437842
462.98527,0.008054928795956788,0.01689868980806021,0.014131660700313934
463.43808,0.008222650204950516,0.01738181047429745,0.012804396843202958
463.89086,0.008334464490514648,0.01765555979413366,0.012325578300333737
464.34361,0.008338765035493467,0.01779853432173109,0.012518148186328423
464.79634,0.008532289753065051,0.017888935795970982,0.011469136340882025
465.24904,0.008652705167291766,0.017216191941990505,0.011468608036884133
465.70171,0.008648404583608004,0.017236334915929366,0.011722437989465286
466.15435,0.008510787028170956,0.01786278069612857,0.011933137299697668
466.60697,0.008502185938213318,0.01812055598739787,0.011025842950737639
467.05957,0.008609699640093687,0.019103165819317692,0.010015089155257855
467.51213,0.008786022177749996,0.018222938028384265,0.010428341763559116
467.96467,0.00861400022377745,0.01893802965369825,0.009764562194347971
468.41718,0.008480683174614277,0.018166897746239734,0.011596653665423064
468.86967,0.008519388118128595,0.018293722943004007,0.012813897456800335
469.32212,0.00843767768612114,0.019057043392205313,0.011960879814276232
469.77456,0.008506486483192136,0.018607889284067678,0.012539222646563564
470.22696,0.008325863400557009,0.01916390126169961,0.012924528411421773
470.67934,0.008325863400557009,0.01943576335337303,0.012338066847549343
471.13169,0.008459180449720181,0.01902882592505118,0.01275084817546234
471.58401,0.008570994696579369,0.019646934195245082,0.011401916272150425
472.03631,0.008880634244693908,0.0185953828286904,0.01152300674742318
472.48858,0.0087301150543204,0.018738532640386097,0.011347042437935523
472.94083,0.008915038643229406,0.017636777833492167,0.01246068678383203
473.39304,0.00898814798527922,0.018128060725636472,0.012801280699197925
473.84523,0.008970945805363941,0.018752356405832175,0.011754291604554391
474.2974,0.009061257327329035,0.018836833486860296,0.012377689380307137
474.74953,0.008897836463314128,0.01947539126972637,0.011673460421931757
475.20164,0.009069858417286674,0.01977525182305909,0.01092581294349675
475.65373,0.009035454018751176,0.020208256437246244,0.01002722092235163
476.10578,0.009065557872307855,0.02115470556343172,0.008008718065826924
476.55781,0.009246180954942982,0.0207618110691681,0.008004734894530421
477.00981,0.009314989752013978,0.02056639508725079,0.008175990124087745
477.46179,0.009388099094063794,0.019499001291166905,0.009343857919603293
477.91374,0.009431104582556929,0.019460690503597056,0.00952965139165933
478.36566,0.0095515199580787,0.018715450316620263,0.010420158940082637
478.81756,0.009659033698664013,0.01734192096945939,0.012467459588210005
479.26942,0.009560121048036338,0.017533343489556284,0.012254162350500022
479.72127,0.0095515199580787,0.017338015240330778,0.012447227372774258
480.17308,0.00965043257000143,0.016983475418150894,0.01258289436395581
480.62487,0.009616028171465932,0.017960204541919534,0.011140455231309404
481.07663,0.00970203918715715,0.017811086271212886,0.010190462550462727
481.52836,0.009693438058494567,0.018467593061668428,0.008916162512815646
481.98007,0.009590224901593017,0.01824417861809183,0.009140141832591087
482.43175,0.009676235878579291,0.018711281552533616,0.008468958678878868
482.8834,0.009611727626487113,0.018270333717934246,0.01010783336287614
483.33503,0.009577323227951616,0.01814148985708682,0.010388000827144545
483.78663,0.009555820503057519,0.018695307523966715,0.009862636719098095
484.2382,0.00969773864217833,0.018175587832938808,0.010420179224411952
484.68975,0.009917066629622832,0.017800773782185017,0.011169532340495343
485.14127,0.009813853472721281,0.018374821811292925,0.011310269641010737
485.59276,0.009904164994686375,0.018278057443499657,0.01045187269314108
486.04423,0.009929968303264234,0.01909965617065812,0.009362964119704865
486.49567,0.010041782550123422,0.018775308776486938,0.01007457708107033
486.94708,0.01023960785137877,0.018356215479152314,0.010664689783755557
487.39846,0.01034712155325914,0.01772577623713272,0.011149486801466659
487.84982,0.010398728170414859,0.016904089595997165,0.011999662772720564
488.30115,0.010609455067901723,0.016623933679379,0.01130855205287645
488.75245,0.010863187492586664,0.015961107861715996,0.011911963763058312
489.20373,0.0109061929810798,0.01672025954683065,0.010994976761201015
489.65498,0.010828783094051166,0.016810967922374468,0.011746837798602479
490.1062,0.010807280330452126,0.01796288250271507,0.01070350379324089
490.5574,0.010867488037565484,0.018659586964500603,0.009719822876258959
491.00857,0.010897591891122162,0.01860920804060978,0.010538603446566569
491.45971,0.010953499014551756,0.018474220617938457,0.010495194378906506
491.91083,0.010987903413087254,0.01825870554659618,0.010521140422650947
492.36192,0.01106101275513707,0.01702819459337863,0.011676454199529344
492.81298,0.010987903413087254,0.01769685707156161,0.010485130677191092
493.26401,0.010970701194467034,0.01754181458892852,0.010556778565484017
493.71502,0.011069613845094707,0.017730999095044817,0.00960629074835781
494.166,0.010983602868108434,0.017608254929675396,0.010860745375805083
494.61696,0.010845985273966444,0.018941542720992386,0.010258151168561661
495.06788,0.010949198469572936,0.018548735796303235,0.010210901177406374
495.51878,0.010897591891122162,0.01819235259413846,0.01171406057852441
495.96966,0.010996504503044895,0.01760219910054328,0.011621901664800025
496.4205,0.01103090890158039,0.01718731845180922,0.011798811969695837
496.87132,0.011138422642165703,0.016701872220184884,0.011542767913170732
497.32211,0.011086816025009986,0.01716107596367765,0.01063577185119589
497.77288,0.011168526495722381,0.01701397619393684,0.01044436852522238
498.22362,0.011366351758272787,0.01657675878619981,0.010584778724044423
498.67433,0.011280340742581572,0.01737834633791038,0.010348524189850383
499.12501,0.01145236273525906,0.017351972069455837,0.010183154233847873
499.57567,0.011615783599273967,0.016912779863981566,0.010606265210412384
500.0263,0.011736198974795737,0.016566270994905687,0.011954074611651605
500.4769,0.011964128090902821,0.015698067473947336,0.01281889668371421
500.92748,0.011959827545924003,0.015555092946349896,0.013515711531713322
501.37803,0.012080242921445774,0.015281080591555652,0.01362540823857479
501.82855,0.012080242921445774,0.01546232204037704,0.013827356675763318
502.27904,0.012075942376466954,0.015464340704460186,0.014195484035211625
502.72951,0.012058740196551678,0.015273049620283643,0.014474034639915916
503.17995,0.012097445140065995,0.015291129882508157,0.01347029380438524
503.63037,0.012166253898432046,0.01509571408187618,0.013381241339092327
504.08076,0.012075942376466954,0.015283099092521473,0.012952304909116493
504.53112,0.01202003525303736,0.015363714129481567,0.012904760091714245
504.98145,0.012071641831488135,0.015375738562573973,0.012944175663735642
505.43176,0.012011434124374777,0.016092717597336062,0.011672193007907677
505.88203,0.012136150083580311,0.016269789937668158,0.011181095294373495
506.33229,0.012161953353453226,0.017254506166362912,0.0105602788462897
506.78251,0.012428587413074628,0.0166218727767086,0.010698405785225577
507.23271,0.012583407187131896,0.016585449054184208,0.01021091961638956
507.68288,0.012665117619139351,0.016782708397918383,0.009496479465875453
508.13302,0.012613511040688575,0.016897553027936153,0.009437904725320767
508.58314,0.012604909950730938,0.01606787946315981,0.009835227219375053
509.03323,0.012497396210145624,0.016027725476890384,0.009674820630640039
509.48329,0.01257050555219544,0.01570342176777978,0.009822492556623392
509.93333,0.012592008277089535,0.01527647316401005,0.010350389782913168
510.38334,0.012656516529181712,0.015083075846175903,0.01093315694547193
510.83332,0.012764030269767026,0.015340719701524844,0.010351070781957659
511.28327,0.012987658840895288,0.01469202455061185,0.0110584507719699
511.7332,0.012927451133781933,0.015825858868727925,0.010433165273478925
512.1831,0.012961855532317431,0.01620844085579568,0.009572371521806304
512.63297,0.013095172542775658,0.016327103663535594,0.008579450033353798
513.08282,0.013069369272902741,0.016266718970635516,0.008664019167651053
513.53264,0.013129576941311156,0.015694733308839328,0.008978237374414524
513.98243,0.013245691771854109,0.015096504977626239,0.009430954094188976
514.4322,0.013353205512439419,0.014085458528108151,0.011166305567373816
514.88193,0.01337900882101728,0.013728987593251599,0.012083655133891416
515.33165,0.013443517034404514,0.01340872139359259,0.011882966015026327
515.78133,0.01350372474151787,0.013652322151765997,0.01260702952770018
516.23099,0.013422014309510415,0.014959367110548787,0.011296934116011889
516.68061,0.013443517034404514,0.01518488778778298,0.010334891917158005
517.13022,0.013391910455953736,0.01578908437855371,0.009663208909801142
517.57979,0.01321128737331861,0.016218227293075458,0.010349673961749762
518.02934,0.013284396715368425,0.01567643387800266,0.010979530560447814
518.47886,0.01349942419653905,0.014977403506427409,0.011052365345614584
518.92836,0.013662845060553958,0.01430259746642052,0.011659804504243873
519.37782,0.01374455549256141,0.013919884043432407,0.01171780635759525
519.82726,0.013804763199674767,0.0131485326229591,0.011705758184264163
520.27667,0.013899375266618679,0.013013501333941883,0.011315213384747072
520.72606,0.013972484608668494,0.013178549585584225,0.0101122385126013
521.17542,0.013959582973732038,0.012677129488510295,0.010577410772774949
521.62475,0.013804763199674767,0.012695428919346973,0.010571809922495073
522.07405,0.013830566469547683,0.01310017238131942,0.01054989679360257
522.52333,0.013998287917246353,0.012622713073335868,0.010573167529602858
522.97258,0.014221916449669674,0.01246337022757845,0.010255285107541779
523.4218,0.01428642470176185,0.013266800959820605,0.010473692073798875
523.871,0.014282124156783031,0.013957537162048492,0.010359746828619992
524.32016,0.014312228010339711,0.014015903009580099,0.010080588882618324
524.76931,0.014355233498832847,0.014249454476800994,0.009918535697590283
525.21842,0.014282124156783031,0.014410640702543302,0.01075615661158541
525.66751,0.014213315359712035,0.013754221826064868,0.011878728089436295
526.11657,0.014140206017662221,0.013879159957783679,0.011860328333058504
526.5656,0.01416170878126126,0.013977811390622404,0.011286214626701787
527.0146,0.014239118668289896,0.013089640542394072,0.011854057321441049
527.46358,0.014329430190254988,0.012811634725779425,0.012377250432919682
527.91253,0.014540157126446795,0.013292692680302323,0.01157118506045369
528.36145,0.014617567013475429,0.013854453585762427,0.010088615416012086
528.81035,0.014634769193390705,0.01384637892942985,0.008767952376116472
529.25922,0.014785288422469156,0.01325012539595403,0.009567045415592465
529.70806,0.014789588967447975,0.01284937541396997,0.010346846986641614
530.15688,0.014772386787532697,0.012259353175009846,0.011231018518982387
530.60566,0.014845496129582513,0.012116291077837953,0.011667407781506541
531.05442,0.014780987877490336,0.012092198689709899,0.012152517815553337
531.50316,0.014802490602384432,0.01190086392047278,0.013233625195874498
531.95186,0.014858397764518971,0.011802124573656952,0.012983313580927271
532.40054,0.015039020847154099,0.012116071746108473,0.011471883435666472
532.84919,0.014953009831462883,0.01288141104067825,0.010466377625959892
533.29782,0.01489280216305447,0.013109037933402064,0.009915965119579028
533.74642,0.015051922482090557,0.012708112649151742,0.010261685305000236
534.19499,0.015039020847154099,0.01307665153904397,0.009644118006078483
534.64353,0.01501321753857624,0.013197508476250591,0.009561866448831117
535.09204,0.01513793345907683,0.012993973971654811,0.009800707605839457
535.54053,0.015039020847154099,0.013402886179545936,0.010471840744270546
535.98899,0.015094927970583693,0.013304147014015425,0.010698759965800051
536.43743,0.015163736767654689,0.012728123842767624,0.010927492896187972
536.88583,0.01538306475509919,0.012371434083701557,0.010976855696828951
537.33421,0.015499179585642143,0.012226309292983295,0.011392136268806379
537.78256,0.01553358398417764,0.012463897925253145,0.010534645561328304
538.23089,0.015520682349241182,0.012560574723471935,0.010937386342733757
538.67918,0.015451873552170186,0.01366219794949619,0.009628334955929536
539.12745,0.015615294416185093,0.01287864697494953,0.009554943801096118
539.5757,0.015692704303213727,0.012425455701762943,0.010416570316616816
540.02391,0.015576589472670776,0.01264307700676283,0.01099748473578832
540.4721,0.015503480169325904,0.012333035382154597,0.01155299327368517
540.92026,0.015628196089826494,0.011368286662015134,0.012297250941809933
541.3684,0.015606693326227454,0.011450876677997797,0.011598236217932068
541.8165,0.015516381804262363,0.011710758366042039,0.01129780208413387
542.26458,0.015327157631669596,0.012180186865870905,0.010517926718407249
542.71263,0.015309955451754318,0.012369502807907556,0.010760692352042365
543.16066,0.015370163120162733,0.012812469487875384,0.009555021829522711
543.60865,0.015576589472670776,0.011754993728108959,0.010112060408344682
544.05662,0.01565399935969941,0.012624865145500621,0.010265664613204844
544.50457,0.015774414773926125,0.013130190790417837,0.010124417032101167
544.95248,0.015916332874341993,0.013136071661686333,0.010143948282297071
545.40037,0.016135660900491434,0.01248939517485648,0.010612071016320973
545.84823,0.016010944979990845,0.01298291589969608,0.00984600904585539
546.29606,0.015950737272877488,0.012666818627241052,0.01027328927568374
546.74387,0.015980841126434168,0.012272080771160524,0.010118337067570263
547.19165,0.016023846614927305,0.011762542151408142,0.009826787576761585
547.6394,0.01597224003647653,0.011261165920680114,0.009858172463912171
548.08713,0.016015245524969666,0.011077861941429689,0.010394345516064782
548.53482,0.0161270598105338,0.011913459736300456,0.010710767536758946
548.98249,0.016165764754048115,0.012221526381886132,0.01045965192645079
549.43013,0.01634208725299948,0.011866898990131785,0.010812124226934556
549.87775,0.016406595505091656,0.011691625800868043,0.011692747880143283
550.32534,0.016385092741492614,0.011647346753740547,0.011772123142902215
550.7729,0.01633778670802066,0.011723924462534362,0.011595708222039999
551.22043,0.01642809822998575,0.0116452842233115,0.011447321604036914
551.66793,0.016299081764506344,0.011868961520560821,0.010638002584246124
552.11541,0.01619156802392103,0.012354407752185166,0.009831123612564736
552.56286,0.01605395046848398,0.01294460511212623,0.009532879531588465
553.01029,0.01594213618291985,0.013323325073293965,0.009606374159527819
553.45768,0.015808819133756678,0.013621517730193362,0.008686300369379917
553.90505,0.01591203232936317,0.014026173441306024,0.0074278078322127595
554.35239,0.01607115264839926,0.013534627351086364,0.0077376309784772685
554.7997,0.01623457351241417,0.012914193696790676,0.007980485609399084
555.24699,0.0163936938701552,0.012585764908654005,0.008389631288968573
555.69425,0.016686131199649516,0.011578536636858042,0.009581097371464925
556.14148,0.016703333418269736,0.011479841156388126,0.009526075480938668
556.58869,0.016716235053206192,0.011401288649857058,0.009833344781645697
557.03586,0.016561415279148926,0.010948360411628494,0.011107477901958127
557.48301,0.01649260648207793,0.011270645456655955,0.011611217266410569
557.93013,0.016436699358648336,0.011532501942437448,0.011895774802087096
558.37723,0.01642809822998575,0.01237025018171439,0.010519730796294828
558.8243,0.01660872131262088,0.011922983138622216,0.010641717050686708
559.27134,0.016690431744628333,0.012392104574029828,0.009904815378183662
559.71835,0.01676784163165697,0.012482637647307391,0.009897210337846855
560.16533,0.016810847120150105,0.012734313243098667,0.009121936817929159
560.61229,0.01676784163165697,0.01257325845327673,0.00891356911758106
561.05922,0.016853852608643242,0.01213415381737692,0.008534182260952473
561.50612,0.016720535598185014,0.012541091227530792,0.008316631324575089
561.953,0.01672483614316383,0.012212837922945674,0.008769396779032082
562.39985,0.016681830654670694,0.012051783133123736,0.008973183113131406
562.84667,0.016647426256135196,0.012303546298489508,0.008393257927897302
563.29346,0.01667322956471306,0.012291434295822624,0.008830955496958665
563.74023,0.01673343723312147,0.012716276684102749,0.008607275017976982
564.18696,0.01676354108667815,0.01277464269475167,0.009109039929101411
564.63368,0.01673343723312147,0.012970014810323087,0.009805418198560352
565.08036,0.016802246030192466,0.012702102151006835,0.010325401831486478
565.52701,0.01689255755215756,0.012732206846323747,0.0097949226939704
565.97364,0.0168796559172211,0.01301012493024661,0.00957530448188515
566.42024,0.016987169657806413,0.01227094073551924,0.010377117164556688
566.86682,0.017141989431863684,0.012234517012994857,0.009976400142826938
567.31336,0.017258104262406634,0.012107516513964318,0.009366305902482417
567.75988,0.01716349215675778,0.012550658496198408,0.009028562891583951
568.20637,0.017266705352364273,0.012556582889410155,0.008332306956254176
568.65284,0.017223699863871136,0.0125586454198392,0.008223262369126277
569.09927,0.01716349215675778,0.012568782624768824,0.009109496124006468
569.54568,0.0171462899768425,0.012649353795383036,0.009235431043077495
569.99206,0.017017273511363094,0.012945527606913964,0.009357229958875108
570.43842,0.01704737732621483,0.01227892784044534,0.010200893290781025
570.88474,0.01715489106680014,0.01193847480050158,0.010570623535259465
571.33104,0.017258104262406634,0.011962523322283751,0.010519301069466492
571.77731,0.017262404807385452,0.011960504658200607,0.009782404444354733
572.22355,0.01718929546533564,0.012592918879242762,0.00897152201704753
572.66977,0.017228000408849954,0.012774116461718266,0.007936950183615968
573.11596,0.017215098773913497,0.013378269186143096,0.006961516017955209
573.56212,0.017314011385836228,0.014292419831947562,0.005994514355556906
574.00825,0.017357016874329365,0.014580343684879678,0.0060101843979282685
574.45436,0.01730541029587859,0.01464081592918624,0.0063595789538650254
574.90044,0.017369918547970768,0.01386744584462977,0.0073677111414024235
575.34649,0.01744302789002058,0.01377875597005179,0.007656438991738969
575.79251,0.0174688311598935,0.013114174867666292,0.0091068450328664
576.23851,0.017374219092949585,0.01275985419593058,0.00987188274941245
576.68448,0.017391421272864863,0.012679283025316368,0.00970256325678828
577.13042,0.017258104262406634,0.012886854858078417,0.009375668945012525
577.57633,0.01715489106680014,0.013605896260152218,0.00849356493613368
578.02222,0.01704737732621483,0.014417577132278528,0.0077551778845408315
578.46808,0.016982869112827596,0.013867884344971397,0.008648144814830429
578.91391,0.016836650428727964,0.013791525804789729,0.00871639211918386
579.35971,0.016918360860735417,0.013155074255581293,0.0095719429324745
579.80549,0.016974268022869957,0.013020086651624654,0.00961530326545201
580.25123,0.017012972966384272,0.01267568401620639,0.010225050178074319
580.69695,0.01703017514629955,0.012359499011059552,0.01108605902795557
581.14265,0.017133388341906045,0.012437919918552951,0.010843690328667766
581.58831,0.01715919161177896,0.012951408315065143,0.010613223169705768
582.03395,0.017103284488349364,0.014028851402101567,0.009593933540565152
582.47956,0.017137688886884862,0.014574550546302967,0.009136155164738938
582.92514,0.017314011385836228,0.014165550768837392,0.008942135167390609
583.3707,0.01733551414943527,0.014391071264786278,0.008674246984610908
583.81623,0.017417224581442722,0.014407088996581748,0.008755704812539088
584.26173,0.01739572181784368,0.014272189306602227,0.009059490229706237
584.7072,0.0174817328335349,0.013796836395393612,0.009863159670311768
585.15264,0.017404322946506266,0.013470689324466116,0.010554016322021166
585.59806,0.017408623491485083,0.013577415594922744,0.009912257876942804
586.04345,0.017400022401527444,0.013563328794518617,0.009591425287085986
586.48881,0.017331213604456448,0.014103103545508288,0.008376518265942993
586.93415,0.017412924036463905,0.01393787982848235,0.00788725839101917
587.37945,0.01745162897997822,0.014155325831215993,0.007470091577909946
587.82473,0.017374219092949585,0.014626641396090328,0.007535398012267561
588.26998,0.017236601498807593,0.014999349231354514,0.008174877348936871
588.71521,0.017167792740441543,0.01466916481409273,0.009409325183499118
589.1604,0.01721939931889232,0.014101216480462822,0.010069336556719146
589.60557,0.017086082269729144,0.014381285008791822,0.009892637017351212
590.05071,0.01720649768395586,0.014034775795313313,0.00863736996868559
590.49583,0.017292508660942132,0.014030650897572546,0.007879305209318007
590.94091,0.017292508660942132,0.014266264732105155,0.006935746013918938
591.38597,0.01731831193081505,0.014489766745256214,0.006451576616057336
591.831,0.017228000408849954,0.014749648433300473,0.006693450237366035
592.276,0.01716349215675778,0.01501554242853356,0.0066730314969781004
592.72098,0.01706457954483505,0.014953226804242126,0.006910206246097683
593.16593,0.017017273511363094,0.014540452552282977,0.007759053626485077
593.61085,0.01705167790989859,0.013944330454727526,0.008406476774727964
594.05574,0.017034475691278368,0.014097398484026006,0.008834452421119614
594.5006,0.017133388341906045,0.013978472478210735,0.008720713985222235
594.94544,0.01718929546533564,0.014568450850824968,0.008400483546564013
595.39025,0.01715489106680014,0.014711469244768282,0.008766650674972336
595.83503,0.017120486668264642,0.014872611767282022,0.009213751231033948
596.27978,0.01702157405634191,0.01497341346324157,0.00963701804524929
596.72451,0.01700007129274287,0.015092251736365064,0.008579254513116927
597.16921,0.01692266140571424,0.014911097857118126,0.007770039018955361
597.61388,0.01702157405634191,0.014610930402481476,0.007888198076631894
598.05852,0.016965666894207376,0.01523527013030836,0.007296806089427923
598.50314,0.016978568567848774,0.01582731085206633,0.006845838835165653
598.94773,0.017068880089813866,0.015875539512836333,0.007112139422376567
599.39229,0.017133388341906045,0.01606274922121536,0.0073120448302100545
599.83682,0.017228000408849954,0.015963966352456293,0.0080161357505617
600.28132,0.017197896555293277,0.016177462596598087,0.007990832056017309
600.7258,0.01717209328542036,0.016388940158488758,0.00816140085445448
601.17025,0.01718929546533564,0.015837141155692014,0.007775046035515362
601.61467,0.017086082269729144,0.016193699660123045,0.00740012197779907
602.05907,0.01720649768395586,0.01572032138353435,0.007725860112196205
602.50343,0.017137688886884862,0.016006358171420997,0.007547117348242449
602.94777,0.01717209328542036,0.015935836454876624,0.007634837208122038
603.39208,0.017180694375378,0.015750557677888955,0.007499249443693571
603.83636,0.01717209328542036,0.015555229265546115,0.00743200707717211
604.28062,0.017129087796927227,0.015792905793625085,0.00729047987243065
604.72485,0.01715489106680014,0.01603453193534656,0.006995705336105263
605.16905,0.017111885578307003,0.016127215108627628,0.007399788930665301
605.61322,0.016974268022869957,0.01619181241379226,0.007574478495437838
606.05736,0.016832349883749147,0.016584663041709982,0.007860403032321321
606.50148,0.016840950973706782,0.016018777238509127,0.008606600204171935
606.94557,0.016810847120150105,0.015942287099289774,0.008739748305175361
607.38963,0.01692266140571424,0.015744808586943434,0.008933278974754242
607.83366,0.01704737732621483,0.015595646631176218,0.008330304656754618
608.27767,0.017111885578307003,0.01569223569670322,0.008190620177112832
608.72165,0.0171462899768425,0.016074817520653668,0.008219211407188044
609.1656,0.01732691305947763,0.016044405924032817,0.008488971389609103
609.60952,0.017275306442321912,0.016557982053236803,0.008063390765136626
610.05341,0.01717639383039918,0.017057514903979942,0.008011190567605766
610.49728,0.01720649768395586,0.016717149596727973,0.007817038080910265
610.94112,0.017116186123285825,0.016233941379084238,0.008254799835017446
611.38493,0.017081781724750326,0.016014476875384792,0.008325531522931596
611.82871,0.017180694375378,0.015587440357637972,0.008050695909924781
612.27247,0.017129087796927227,0.015720409116226124,0.007921208394356576
612.7162,0.017043076781236007,0.015996396450042954,0.00737696484401609
613.1599,0.016918360860735417,0.016363048274889717,0.0071072926891068665
613.60357,0.01690975977077778,0.016711444372128376,0.00701681867941442
614.04721,0.01688825700717874,0.017464627797685366,0.005819874783585825
614.49083,0.01693986362433446,0.017657893498313853,0.0054104696621063405
614.93442,0.016969967439186193,0.017716259527130785,0.005391619294354014
615.37798,0.01688825700717874,0.017718365923905705,0.0061720179989593225
615.82151,0.016858153192327006,0.017859365472480567,0.006929288644323295
616.26502,0.0168796559172211,0.017359920191311908,0.0075022218686480865
616.7085,0.01675924054169933,0.017416442840143948,0.0085471717007293
617.15195,0.01675924054169933,0.01701771168536036,0.008827407936255496
617.59537,0.01676354108667815,0.01679820315219769,0.009397004105276512
618.03876,0.01678504385027719,0.01689685474815374,0.009560428877723477
618.48213,0.016828049338770325,0.01678604728318494,0.00896695066938126
618.92547,0.016810847120150105,0.017247225661297633,0.007994177335645431
619.36878,0.01676784163165697,0.0178473850870194,0.0072803933194116365
619.81206,0.016776442721614607,0.018060837464815294,0.007168261529559972
620.25531,0.016828049338770325,0.018090985845192798,0.007180148958421429
620.69854,0.01693556307935564,0.01776865693381942,0.007262043169658944
621.14174,0.01703877623625719,0.017720209122605288,0.007364218024960234
621.58491,0.01716349215675778,0.017752288615659452,0.007028269004478866
622.02805,0.017266705352364273,0.0175769715600498,0.0077352954152739885
622.47117,0.01717639383039918,0.017909349762375668,0.007585056307414829
622.91426,0.01715919161177896,0.017772431408312993,0.007282098820129696
623.35732,0.017043076781236007,0.017899431907343534,0.0068509623190443365
623.80035,0.01703017514629955,0.017832991222194016,0.006330072556550392
624.24335,0.016978568567848774,0.017675973760538366,0.006641036512102329
624.68633,0.01692266140571424,0.01773846485021337,0.006208865998643337
625.12928,0.01690975977077778,0.017418286038843534,0.006984448572873244
625.5722,0.01688825700717874,0.017881483244156688,0.00657503312705166
626.01509,0.016918360860735417,0.018266083732190276,0.006017290122251643
626.45796,0.0169140603157566,0.018249978267703016,0.006543099403819822
626.90079,0.016793644940234827,0.018342749173675885,0.007142531280540208
627.3436,0.016832349883749147,0.01785335334657703,0.0076688116472658704
627.78638,0.016819448248812686,0.017515050406636784,0.007907922381072652
628.22914,0.016853852608643242,0.017770763511879683,0.007131364795193383
628.67186,0.016776442721614607,0.0178433477588531,0.007390138760955667
629.11456,0.016707633963248557,0.018582488069066566,0.006609959422636983
629.55723,0.016677530109691877,0.018995349890600168,0.006477076040494364
629.99987,0.01663452462119874,0.019613633444892333,0.005757456109576799
630.44248,0.01667322956471306,0.019595465449976025,0.005850002418396752
630.88507,0.016630224076219922,0.019398162239895933,0.00697653765515737
631.32763,0.016621622947557337,0.018876599531453795,0.008185726209256445
631.77016,0.016613021857599698,0.018590650476258932,0.008733355744814028
632.21266,0.016690431744628333,0.01851806622928552,0.009385658799822125
632.65513,0.01678074330529837,0.018892529512389487,0.009156451075784435
633.09758,0.01678504385027719,0.019198621360237908,0.008775882208771351
633.54,0.01689255755215756,0.019510637782583388,0.008024442235469113
633.98239,0.016982869112827596,0.019631362939466993,0.007443091491288761
634.42475,0.017025874601320733,0.01962930040903796,0.007096597665646845
634.86708,0.017043076781236007,0.01969372243010434,0.006858898516252416
635.30939,0.01700867238270051,0.01932926473472432,0.007019702147713396
635.75167,0.016948464714292098,0.019121912052406397,0.006782890045526169
636.19392,0.01689255755215756,0.019202527270651817,0.0071258067222635425
636.63614,0.01687535537224228,0.019573084824627184,0.0070499052722335425
637.07834,0.016845251518685603,0.020040319194989317,0.007007975527399165
637.5205,0.016840950973706782,0.02027795169360509,0.006519312838554702
637.96264,0.01688395646219992,0.019967778651244477,0.007161414401577759
638.40475,0.01687535537224228,0.02011680917109136,0.0072652892265898305
638.84683,0.016810847120150105,0.020273958231784676,0.007410040137948994
639.28889,0.016810847120150105,0.02020146171750305,0.007867229727446636
639.73092,0.01675063945174169,0.019830991714934174,0.008333710294157458
640.17291,0.01675063945174169,0.019794743294676044,0.008475536287169369
640.61489,0.01667322956471306,0.020392927922660523,0.008304760489997103
641.05683,0.016496907027056747,0.020946921073092005,0.008321939143161074
641.49874,0.01648400539212029,0.021025473579623057,0.008426823681670673
641.94063,0.016440999903627154,0.02175250190533765,0.007194957563103947
642.38249,0.016432398813669515,0.021539049527541754,0.007654166331842502
642.82432,0.01651840979065579,0.021643669401223416,0.007468470895039593
643.26612,0.016591519132705602,0.021210620757573056,0.00823685069030908
643.7079,0.016681830654670694,0.020950739069528816,0.00875420788710392
644.14964,0.016772142176635786,0.02054586435292132,0.008884406080145103
644.59136,0.01689685813584132,0.02054169524443204,0.00825643678975212
645.03305,0.016871054827263463,0.02071692456734987,0.00767944678890699
645.47471,0.01675924054169933,0.020769410051132958,0.007814603164894057
645.91635,0.01673343723312147,0.020835894439511043,0.0066218595156851195
646.35796,0.016686131199649516,0.02123870678880682,0.005385936431144444
646.79953,0.016742038361784055,0.0209406018645992,0.0058722816012394445
647.24108,0.016832349883749147,0.021079451494455864,0.006000940685640359
647.68261,0.016858153192327006,0.020777352945310523,0.0069007825081065935
648.1241,0.01684955206366442,0.021089500966693712,0.006865364843034429
648.56557,0.01679794548521365,0.02127684227411041,0.00734744643310479
649.00701,0.01676354108667815,0.021383612247795596,0.007074516254414139
649.44842,0.016742038361784055,0.02146620208249296,0.007373347756713433
649.8898,0.016720535598185014,0.02185690261040719,0.0070306605957034685
650.33115,0.016686131199649516,0.022199286581742302,0.006443248071303735
650.77248,0.016694732289607155,0.022195249253576004,0.006704839715514606
651.21378,0.01664312571115638,0.022201349112171347,0.007201895736162236
651.65505,0.016660327891071657,0.022338267647519346,0.00709269913069948
652.09629,0.01660012022266324,0.022185287514029987,0.007163763728817095
652.5375,0.016527010880613428,0.022201480711209035,0.006898379589739003
652.97869,0.016419497140028112,0.021635726343928543,0.007818291757697623
653.41984,0.0163592894716197,0.021156511406819865,0.008146249375591092
653.86097,0.01636359001659852,0.021208865291565286,0.008129383485231555
654.30208,0.016402294960112838,0.021208821425219373,0.007782247753374515
654.74315,0.016505508117014386,0.021087876936606277,0.007820997172827948
655.18419,0.0165786174590642,0.021180428673967012,0.0075090580161730185
655.62521,0.01658291800404302,0.021722134356348014,0.006900776393541988
656.0662,0.016668929019734238,0.02211674043210553,0.00644816778560874
656.50716,0.01664312571115638,0.022563832009814124,0.006087331169563003
656.94809,0.016656027346092835,0.022612148566393247,0.006527287504403616
657.389,0.01663882516617756,0.022312112710794245,0.007686853562420564
657.82987,0.01658291800404302,0.022265858865929505,0.00856954468079077
658.27072,0.016539912515549884,0.022521659359461557,0.008704181927676706
658.71154,0.016552814189191287,0.02298683101810934,0.008120527639280875
659.15234,0.016660327891071657,0.022863868028530424,0.007530841814982124
659.5931,0.0166259235312411,0.023206251818580225,0.006639736943549112
660.03384,0.016565715824127743,0.023633244469981163,0.006003436782815375
660.47454,0.016535611970571067,0.02379236832841173,0.005670256140212064
660.91522,0.0165786174590642,0.023391574480081806,0.005755845195748011
661.35587,0.016539912515549884,0.023228501026176716,0.006220581072612267
661.7965,0.016539912515549884,0.023047259577355317,0.007146632523959982
662.23709,0.016539912515549884,0.023065383705925733,0.007683104364383088
662.67766,0.01651840979065579,0.023202346089451615,0.0076390431827666515
663.1182,0.01648400539212029,0.023834716281030573,0.007175179229130223
663.55871,0.01648400539212029,0.02392533708699993,0.006950768631737134
663.99919,0.01650120757203557,0.023989759108066302,0.006452761845792939
664.43965,0.01646680317350007,0.02420527401629124,0.006274969847135749
664.88007,0.01648830593709911,0.02390519429434638,0.006046169627096505
665.32047,0.01645390153856361,0.023649481370388786,0.006367188546674784
665.76084,0.01647540430216265,0.023476270711554083,0.006379536794652005
666.20118,0.016565715824127743,0.02318014076636903,0.006995334967920762
666.6415,0.016561415279148926,0.02305529036734201,0.007339236922349171
667.08178,0.016522710335634606,0.02312783074796953,0.007467798219251015
667.52204,0.016539912515549884,0.022992887191644107,0.007619678680781152
667.96227,0.016535611970571067,0.023103650627149672,0.00788771369179698
668.40247,0.016574316914085382,0.02333922075845372,0.0076165571666708485
668.84264,0.016449600993584793,0.023687748454730068,0.0075045669338815076
669.28279,0.016397994415134017,0.02336761350970612,0.007716208219198074
669.7229,0.016290480674548705,0.02372619067822028,0.007839565436820389
670.16299,0.016350688342957116,0.02362543284860664,0.0074597419491283625
670.60305,0.016389393286471435,0.023915375365621883,0.00727953911383378
671.04308,0.016277579039612248,0.024547833271724634,0.0067073308475703655
671.48309,0.016277579039612248,0.02510968174675921,0.006396263614143329
671.92306,0.0163463877979783,0.025131755652089423,0.0064757954698947675
672.36301,0.016286180129569887,0.025812486248425366,0.006495330988168721
672.80293,0.0163936938701552,0.026070130103774323,0.006000013971760728
673.24282,0.016423797685006934,0.02598350294091067,0.005854312679789423
673.68268,0.016471103757183834,0.025671311053181625,0.0061716715152177115
674.12252,0.01648400539212029,0.025937117315722947,0.005435289219569852
674.56232,0.01646680317350007,0.02607206121645099,0.005109869962541777
675.0021,0.016410896050070477,0.02597143464147238,0.005793146068021262
675.44185,0.016225972422456526,0.025949492516465177,0.0060825594833125605
675.88157,0.016161464209069297,0.02574415849823039,0.006821259356010308
676.32126,0.016148562535427895,0.025442104159833587,0.007504236562395545
676.76093,0.01606685210342044,0.025516707070890172,0.0073719070695026055
677.20056,0.016182966933963393,0.02531720989446069,0.007566079840527401
677.64017,0.016273278455928485,0.02493045914330628,0.007581980737525175
678.07975,0.016281879584591066,0.024926421633854674,0.0076700339505930805
678.5193,0.016256076276013207,0.025482258146103023,0.006970489388587581
678.95883,0.016195868568899853,0.02569176109154174,0.007553912627126252
679.39832,0.016122759265554978,0.025726078236005884,0.008237154030757612
679.83779,0.016049649923505164,0.02556102998436355,0.008745975335591145
680.27723,0.016118458681871218,0.02536561402061425,0.008700307691605444
680.71664,0.016208770242541252,0.02494261483103372,0.009183419084271836
681.15602,0.016170065299026933,0.025015155374778553,0.0088781340074264
681.59537,0.016256076276013207,0.0250654026996317,0.008709946562428903
682.0347,0.016277579039612248,0.02496468855507862,0.008330181690776725
682.474,0.01621307078752007,0.0253574516134219,0.007835065369085716
682.91326,0.016084054322040662,0.025943611808313997,0.007321181789789035
683.35251,0.01605395046848398,0.02628397711556598,0.007255026639934771
683.79172,0.016010944979990845,0.026557901900785753,0.0070801353190491564
684.2309,0.016041048794842583,0.02647127473792209,0.007585203216067675
684.67006,0.016161464209069297,0.026378503650663923,0.0074413100056483
685.10918,0.01620446969756243,0.025977709965451304,0.008069206373306381
685.54828,0.016182966933963393,0.026314037944536982,0.007895873406768733
685.98735,0.016247475186055568,0.02635625446123545,0.007708619863371871
686.4264,0.01624317464107675,0.026358273125318587,0.008011670362490451
686.86541,0.016170065299026933,0.026483211257037398,0.007711270487555528
687.3044,0.01607115264839926,0.026692757905704717,0.007231829503381184
687.74335,0.01608835486701948,0.02677530387405617,0.006511063798056999
688.18228,0.01605395046848398,0.026573963498927114,0.006619344144840566
688.62118,0.01606255155844162,0.026588050299331232,0.006766638245253949
689.06006,0.01603244770488494,0.026493436194658816,0.006580237125846043
689.4989,0.016019546069948484,0.026372623123798067,0.006619162862510414
689.93772,0.015998043306349446,0.026781447780282696,0.006422486184714313
690.3765,0.016058251013462803,0.02693442773248674,0.006698498428553264
690.81526,0.01603674824986376,0.027488245580651962,0.007301134345973348
691.25399,0.016019546069948484,0.027804430585798783,0.007394586895184893
691.69269,0.016015245524969666,0.028458918530885856,0.006815082584596436
692.13137,0.016084054322040662,0.028571613060900114,0.0065617426626031
692.57001,0.016058251013462803,0.028656221740965923,0.006643008942159408
693.00863,0.016109857591913575,0.028613873625229793,0.0065047017297662525
693.44722,0.01606685210342044,0.028670308541370048,0.006356456916579591
693.88578,0.016015245524969666,0.028513291079714384,0.0065372669562412155
694.32431,0.015890529604469076,0.028753073841450975,0.00606983090686867
694.76282,0.015761513100284723,0.02874113732233568,0.006572840537594066
695.20129,0.015619594999868855,0.02895274632014671,0.006765278129472381
695.63974,0.015606693326227454,0.028995050750822263,0.007011988159708638
696.07816,0.01565829994338317,0.0288983300680896,0.007021342470326802
696.51655,0.015727108701749225,0.028485424398378086,0.007262628918066579
696.95491,0.015899130694426715,0.028042194683452204,0.007036254381141234
697.39324,0.01607115264839926,0.02768958595578101,0.007323007915080071
697.83155,0.016114158136892397,0.027886889165861076,0.007042472643529369
698.26982,0.016148562535427895,0.027961360477879952,0.006584582199615641
698.70807,0.016101256501955936,0.028219179635495167,0.0062413466455092294
699.14629,0.016015245524969666,0.027897070055851264,0.007126150013254286
699.58448,0.01583032189735572,0.028545721340418388,0.0068959419698182405
700.02265,0.01579591749882022,0.02890622944032391,0.006736539656727893
700.46078,0.01583032189735572,0.029125693944023357,0.006535654248154246
700.89889,0.015864726295891217,0.0290732963560494,0.0062270766409099655
701.33696,0.015950737272877488,0.028942302232081156,0.006138940682050333
701.77501,0.015963638907813948,0.029153736108911223,0.006027450550659778
702.21303,0.015847524077270997,0.02958884711987332,0.005670641689115939
702.65103,0.01583032189735572,0.029415680327384508,0.0057915101239463225
703.08899,0.015727108701749225,0.029645369768705382,0.0063902068290868355
703.52692,0.015589491146312176,0.029854960265550574,0.006800209142422882
703.96483,0.015451873552170186,0.03031828890678412,0.006803124042482453
704.40271,0.015464775225811586,0.03036660511896059,0.006700772928270672
704.84056,0.01554218511284022,0.030366517386268804,0.006852501624997213
705.27838,0.015580890056354537,0.03002211475085053,0.007071786789948696
705.71618,0.015576589472670776,0.029752271504545562,0.007505760381869432
706.15394,0.01569700488689749,0.02936951403392624,0.007997549666544305
706.59168,0.015714207066812768,0.029216446185913084,0.008307112493179154
707.02938,0.01583032189735572,0.029125693944023357,0.008379500381240832
707.46706,0.0157916169538414,0.029923200283053765,0.008166163199060677
707.90471,0.01578301586388376,0.03041658957197301,0.007486694064267646
708.34234,0.015851824660954757,0.03000368372097618,0.008205211465085028
708.77993,0.015761513100284723,0.03031793797601696,0.007692038752714958
709.2175,0.01567120157831963,0.030342205829528592,0.007532548422659123
709.65503,0.015537884529156458,0.030368536231637263,0.0070687827234782
710.09254,0.015430370827276088,0.030382754449793752,0.006391945267438494
710.53002,0.01543467137225491,0.030290115142858547,0.006378382173519476
710.96747,0.015443272462212549,0.03053981594091259,0.005885809040882687
711.40489,0.01543467137225491,0.03125069493579404,0.005201385932921311
711.84229,0.01540886806367705,0.0318427797051832,0.005119246638992249
712.27965,0.015464775225811586,0.031762164486937805,0.005383714577691555
712.71699,0.015524982894220002,0.031027061504890617,0.006227686768678871
713.1543,0.015473376315769224,0.03106940962062677,0.005932148050309598
713.59158,0.015456174097149005,0.030968739523704884,0.005704288075994026
714.02883,0.015512081259283541,0.030580013793527924,0.005503966822711734
714.46606,0.015430370827276088,0.030980851345086453,0.005353359907570212
714.90325,0.01543467137225491,0.03067072216907174,0.006234135573336593
715.34042,0.015447573007191366,0.030882156045901825,0.006231107071059712
715.77755,0.015430370827276088,0.031143968665337435,0.00645052899343633
716.21466,0.015413168608655868,0.03142390559462875,0.006902730292601905
716.65174,0.01527125050824,0.03201612178177029,0.0064736901417661195
717.0888,0.015150835094013286,0.03230825844642025,0.005967695909480347
717.52582,0.015155135677697051,0.03243310866416196,0.005406870950355741
717.96282,0.015064824117027014,0.03289235611088332,0.004825318581215413
718.39978,0.015039020847154099,0.03283197141798323,0.004953272484296625
718.83672,0.014944408741505244,0.03318449275736529,0.005534093585580135
719.27363,0.015116430734182734,0.03261439397932925,0.0058041091119652504
719.71051,0.01515943622267587,0.032412965871508416,0.005933964239585025
720.14736,0.015266949924556239,0.03201814062713873,0.006820125156137418
720.58419,0.015344359811584872,0.0317099423825154,0.006897526018091582
721.02098,0.015387365338782951,0.03149038996483884,0.006729524713361914
721.45775,0.015426070282297269,0.03154471848420416,0.006646881551241378
721.89448,0.015374463665141553,0.031840804907445945,0.006551639592047544
722.33119,0.01526264937957742,0.03211077993407391,0.006877072823609602
722.76787,0.01513363291409801,0.03220758816821308,0.006997989993122473
723.20453,0.015107829605520151,0.03245531416852987,0.006831502211781275
723.64115,0.015249747744640963,0.031971842734642764,0.006422911488634805
724.07775,0.015206742256147826,0.03191953271624329,0.006005990005971227
724.51431,0.015185239492548784,0.031947750346514724,0.006127098222570695
724.95085,0.015288452688155279,0.031428074521832716,0.0058386995156448395
725.38736,0.015391665883761771,0.030799653762610957,0.0064963931748846775
725.82384,0.015331458176648416,0.03124477054258229,0.006591795630794073
726.26029,0.015185239492548784,0.031259032808369974,0.007411786218854579
726.69671,0.01513793345907683,0.03142623116001583,0.007379730409247588
727.13311,0.015034720263470336,0.03154717582991426,0.007037288526159962
727.56947,0.015060523572048195,0.03155318795581778,0.006883457851877492
728.00581,0.015047621937111738,0.031106140244455086,0.006918968724013852
728.44212,0.015030419718491516,0.03149482210828616,0.006099692769672666
728.8784,0.014974512595061922,0.03188354749406051,0.0061698606083499434
729.31465,0.014996015319956018,0.032344682168944636,0.005630874399883086
729.75088,0.014974512595061922,0.03269913409531543,0.0056469363531821215
730.18707,0.014866998854476609,0.033474566710300906,0.005657759467053056
730.62324,0.01484119554589875,0.033722292710617705,0.005751579517492438
731.05937,0.014875599944434248,0.03432236440364767,0.005081062568871511
731.49548,0.014910004342969746,0.034378711587096135,0.005279777423862168
731.93156,0.014978813140040742,0.03407455067063908,0.0055077406760529034
732.36761,0.014961610960125465,0.03366576988050034,0.005964783743368942
732.80363,0.015051922482090557,0.03346026057816731,0.0059006333494596875
733.23963,0.015030419718491516,0.03307162276196746,0.006264429390469968
733.67559,0.014897102708033287,0.03329731872329991,0.006040160793124118
734.11153,0.014789588967447975,0.03331153712274171,0.0061008618101109115
734.54744,0.014647670828327164,0.03390375332805125,0.005953821967285847
734.98332,0.014699277445482883,0.03387952932271752,0.005809678650755245
735.41917,0.014660572501968566,0.03435080102124595,0.005506157261709996
735.85499,0.01472078017037698,0.034213794771374165,0.005940621047565547
736.29078,0.014772386787532697,0.03389958438267928,0.00638877565257605
736.72655,0.014746583478954838,0.033947944805604285,0.006807098453610239
737.16228,0.01488420107309683,0.03375647825604417,0.0069986448993275465
737.59799,0.014953009831462883,0.033434193392302025,0.007189059239117691
738.03367,0.014978813140040742,0.03349457790391678,0.007646797918227824
738.46932,0.014953009831462883,0.03383292471020293,0.007537899658050712
738.90494,0.014953009831462883,0.034086662673305936,0.007260966218965038
739.34053,0.014974512595061922,0.03396782440018247,0.007147345093777188
739.77609,0.01488850161807565,0.03411694265272111,0.0068174912987363995
740.21163,0.01484119554589875,0.03408477560826048,0.0061988611606534315
740.64713,0.014673474136905023,0.034109131031346586,0.006364873081171522
741.08261,0.014527255452805393,0.03459462112931682,0.0057098990651271875
741.51806,0.014475648874354617,0.0346913416307642,0.005678852526032833
741.95348,0.01441544116724126,0.03448398912973161,0.005658963428541781
742.38887,0.014445545020797939,0.034487982591551995,0.005701005436694442
742.82423,0.014376736223726943,0.03452028125321831,0.005777504268034637
743.25957,0.0144713483293758,0.03413151181981275,0.005989277853244767
743.69487,0.014510053272890115,0.034185840339178084,0.005884942209116867
744.13015,0.01459606424987639,0.034127342892608784,0.005730077770214822
744.56539,0.014561659851340891,0.0344516027353735,0.005560654999715464
745.00061,0.014488550509291076,0.03444967180398214,0.005995260537864196
745.4358,0.014492851054269895,0.03481013620065909,0.00548872224516273
745.87096,0.014501452182932478,0.03473360201380854,0.00581704242771646
746.3061,0.01446704778439698,0.03449601338153866,0.006023763750973986
746.7412,0.01446274723941816,0.03437116298251165,0.005868742523848642
747.17628,0.014381036807410708,0.034518262570967156,0.005409376719132731
747.61132,0.014338031280212627,0.034665318311244774,0.0050150294064607685
748.04634,0.014269222521846574,0.035132596366667504,0.004452543004566641
748.48133,0.014226217033353437,0.03556963847213827,0.0042251283990035905
748.91629,0.014148807146324804,0.0355153536560015,0.004546446106852341
749.35122,0.014196113179796759,0.03552939659005973,0.004650296880742387
749.78612,0.014320829100297349,0.03552522782597309,0.004868327444735521
750.22099,0.014479949419333437,0.035359916539372704,0.00529002664165691
750.65584,0.014497151637953658,0.03478999322672023,0.00649304629223887
751.09066,0.0144713483293758,0.03453024297459634,0.007335964687808557
751.52544,0.014376736223726943,0.034900888442548815,0.0073252575457481905
751.9602,0.01428642470176185,0.034943280261513526,0.00783239302452906
752.39493,0.014217615904690855,0.03521119292082978,0.007789640091149342
752.82963,0.014183211506155357,0.03546295624931285,0.007318176287274921
753.2643,0.014204714269754398,0.0352172489130792,0.007071868127953531
753.69895,0.014200413724775578,0.035636122860516345,0.006915307987418667
754.13356,0.0141703098712189,0.03610335723087849,0.005962301026583094
754.56815,0.014230517578332257,0.036147592411660094,0.005036867240874911
755.0027,0.014239118668289896,0.03617980350375193,0.0048095559131870035
755.43723,0.014140206017662221,0.03658871572981105,0.004547919933524706
755.87173,0.014097200529169084,0.03679014383763189,0.003962526197904323
756.3062,0.014187512089839122,0.03656651038856045,0.0038174423821189176
756.74064,0.014230517578332257,0.03641945466645083,0.004059943681577607
757.17505,0.01429072524674067,0.03608308300230459,0.004428448613064643
757.60944,0.014325129645276168,0.03548696090474911,0.0054663335089784005
758.04379,0.014239118668289896,0.03507423051913587,0.0070961625519852635
758.47812,0.01416170878126126,0.03518306302325012,0.00719141848571308
758.91242,0.014239118668289896,0.03451238188098398,0.007797691585606435
759.34668,0.014282124156783031,0.03481843002560383,0.007243525423656436
759.78092,0.01416600932624008,0.03514479610202614,0.006986809158299251
760.21513,0.014084298894232627,0.03567250271669485,0.006448273808960966
760.64932,0.014157408236282441,0.03576505445405556,0.006158026939082631
761.08347,0.013993987372267536,0.03609550172499007,0.006247162593152152
761.51759,0.013985386243604951,0.03582767697965093,0.006506956037168344
761.95169,0.013938080210132996,0.03521553715030001,0.007159690699820198
762.38575,0.013834867014526502,0.03510086782254848,0.007674039112779453
762.81979,0.013766058256160452,0.03551377349225998,0.007129060259705952
763.2538,0.013998287917246353,0.034716047984617436,0.007038411219178241
763.68778,0.014006889007203992,0.03547322487199482,0.0059268941002862865
764.12173,0.014024091187119269,0.035972626304985614,0.006156517508870805
764.55565,0.014105801619126723,0.036459872032080946,0.006541779562466142
764.98954,0.014209014814733217,0.036357051490752926,0.006921770104423121
765.42341,0.014157408236282441,0.03641752373505949,0.007336241715920387
765.85724,0.014239118668289896,0.0361435550834938,0.007727997346832474
766.29105,0.014213315359712035,0.03601067405759741,0.007857602368341043
766.72483,0.01414450656264104,0.03627858671691366,0.007554541603180767
767.15858,0.013959582973732038,0.03727159642615051,0.006107143780000924
767.59229,0.01398968678858377,0.03698560368589507,0.005895483686184348
768.02599,0.013843468143189085,0.03741672121686876,0.005540017200587447
768.45965,0.013834867014526502,0.037384510306062234,0.006092712966854455
768.89328,0.013839167598210265,0.03705625698330914,0.006437016797974847
769.32688,0.013830566469547683,0.036516569983179245,0.006871118409631702
769.76046,0.013843468143189085,0.03649238968107409,0.006987341535144346
770.194,0.013804763199674767,0.03678241993078113,0.0068072564010208765
770.62752,0.013834867014526502,0.036858910088168474,0.006609031629141279
771.06101,0.01374455549256141,0.036955674455961735,0.0062526591509068415
771.49447,0.01362414011703964,0.03762841812865688,0.005038418282331855
771.9279,0.013589735718504142,0.03746332601066868,0.005308565289191208
772.3613,0.01349512365156023,0.03781584700564809,0.0045227712629890456
772.79467,0.013383309365996097,0.038176442838245415,0.0041682556796189905
773.22802,0.01337900882101728,0.038142213245187725,0.0042009778895480444
773.66133,0.01350372474151787,0.03753994758580838,0.0050020554006396665
774.09462,0.013551030774989824,0.03744524574844414,0.00548799844628867
774.52787,0.013594036263482961,0.037298190026334534,0.00568711517219415
774.9611,0.013705850549047093,0.03693759419373722,0.006193476958231046
775.3943,0.01375315658251905,0.03657103010158226,0.00639818956352006
775.82747,0.01374885603754023,0.03666366957163476,0.006346675744586031
776.26061,0.013701550004068273,0.03668587473160004,0.006448076452079037
776.69372,0.013559631864947465,0.03725996697145647,0.005569333744856781
777.1268,0.013490823106581411,0.0373647619661191,0.005969565954649103
777.55986,0.013447817579383332,0.03781992838144558,0.005606161460211524
777.99288,0.01348222197791883,0.03760441347322061,0.005588722487417938
778.42588,0.013327402203861562,0.03836580299103058,0.004628002823166374
778.85884,0.013262893990474327,0.038631696804978355,0.004824507204075507
779.29178,0.013314500568925101,0.038625596946383046,0.005151758861861134
779.72469,0.01337900882101728,0.03843219962854888,0.005626064590537025
780.15757,0.013400511545911377,0.03816836834503014,0.0062315924480395805
780.59042,0.013318801113903923,0.037989233129866365,0.0067449659076498775
781.02324,0.013336003332524143,0.03770929620057505,0.0069869183710272705
781.45604,0.013323101658882742,0.03742536599074863,0.00785929043894881
781.8888,0.013331702748840381,0.037221963085190546,0.007165538547320644
782.32153,0.013284396715368425,0.03693605789634159,0.007149226793964863
782.75424,0.01322418904696001,0.03756241594384901,0.0060582700250464755
783.18692,0.013275795625410787,0.03708508841618844,0.006906024640090087
783.61956,0.013404812090890197,0.036897659376079944,0.006901056438856564
784.05218,0.013551030774989824,0.03681090059601063,0.007015486530301672
784.48477,0.013568232993610046,0.03709281214175388,0.006447448578698298
784.91733,0.013460719253024733,0.03746951343883846,0.006196200615973336
785.34986,0.013404812090890197,0.03773137010590525,0.006025219485348831
785.78237,0.013219888501981192,0.03847064185203909,0.005375370764815778
786.21484,0.013133877486289976,0.03836602215964273,0.004910296759097625
786.64728,0.012979057712232707,0.03854743907384769,0.005025710865829746
787.0797,0.012901647825204072,0.038801264769642504,0.004488587100903812
787.51208,0.012888746190267615,0.03800985828920743,0.005546057282618489
787.94444,0.012828538483154257,0.03792937485128501,0.00581070142192784
788.37677,0.012837139611816841,0.037834716698981356,0.006079780215850839
788.80907,0.012880145100309976,0.03765141271973094,0.006182107337240998
789.24134,0.012845740701774478,0.03759506537316514,0.006308777422114695
789.67358,0.012828538483154257,0.03776625753103403,0.006557378664379077
790.10579,0.012867243426668574,0.037947455113509526,0.006238653075497891
790.53797,0.01294465331369721,0.038019864058216675,0.006150114802738564
790.97013,0.012979057712232707,0.03843869413930793,0.0057765726510061585
791.40225,0.013009161565789386,0.0386058049213793,0.005505783737931596
791.83435,0.013030664329388424,0.038595711582795594,0.005552377848337714
792.26641,0.012957554987338612,0.03895626354904701,0.0053279574278878
792.69845,0.012867243426668574,0.03948800767316731,0.005373830341248091
793.13046,0.012871544010352336,0.03950411295636926,0.005694021083190188
793.56244,0.012699522017674849,0.03962110803079317,0.005591596063477224
793.99439,0.012755429179809387,0.03934112707203862,0.0057033363009790705
794.42631,0.012682319837759571,0.03912170643468507,0.006012741896405814
794.8582,0.012665117619139351,0.03925665017229582,0.0058174768030220215
795.29006,0.012630713220603853,0.03954466175791972,0.005421110316886305
795.7219,0.012656516529181712,0.03973191533264464,0.005187228156465971
796.1537,0.012673718709096988,0.03985070973942223,0.005127252039240216
796.58548,0.012746828051146804,0.03943578538745959,0.00580302652496552
797.01722,0.012708123107632486,0.03976206389430746,0.005828192429240254
797.44894,0.01268662038273839,0.03921030857657128,0.0065915887921153705
797.88063,0.01263501376558267,0.03889017381283265,0.006260922459255343
798.31229,0.012708123107632486,0.03856587010372204,0.006191671127011313
798.74391,0.012639314349266436,0.038561920326962214,0.006388303279902443
799.17552,0.012544702243617579,0.0387694484746637,0.006039657870079477
799.60709,0.012454390721652487,0.03919244748295893,0.005773469598710154
800.03863,0.01251029784508208,0.039220577380538586,0.005916152791376621
